"filename","title","description","feature","topic","role","level"
"./metadata.md","","","","","",""
"././help/TOC.md","","","","","",""
"./help/home.md","[!DNL Adobe Experience Manager] Release Updates and Roadmap","[!DNL Adobe Experience Manager] Release Updates and Roadmap","","","",""
"./help/aem-releases-updates.md","[!DNL Adobe Experience Manager] releases updates","[!DNL Adobe Experience Manager] releases updates","","","",""
"./help/update-releases-roadmap.md","[!DNL Adobe Experience Manager] releases roadmap","[!DNL Adobe Experience Manager] releases roadmap","","","",""
"./help/update-release-vehicle-definitions.md","Update Release Vehicle Definitions","This article details the various types of [!DNL Experience Manager] releases, including full releases, feature packs, and services packs.","","","",""
"./help/release-notes-aem-6-3-cumulative-fix-pack.md","AEM 6.3 Cumulative Fix Pack","AEM 6.3 Cumulative Fix Pack Release Notes","","","",""
"./help/release-notes-aem-6-2-cumulative-fix-pack.md","AEM 6.2 Cumulative Fix Pack","Experience Manager 6.2 Cumulative Fix Pack Release Notes. Dig deeper on the issues fixed in various cumulative fix packs in Experience Manager components.","","","",""
"./help/aem-previous-versions.md","Older versions of AEM, CQ, and CRX","Documentation packages for older versions of Adobe Experience Manager, CQ and CRX.","","","",""
"./help/aem-forms-releases.md","AEM Forms releases","Contains list of all the AEM Forms releases and corresponding packages","","","",""
"./help/install-cfp-aem-forms-jee.md","Installing Cumulative Fix Packs on AEM Forms JEE","Summary of steps to install and configure Cumulative Fix Pack (CFP) on AEM Forms JEE","","","",""
"./help/documentation-updates.md","[!DNL Experience Manager] recent documentation updates","What is new, updated, or changed in [!DNL Experience Manager] documentation","","","",""
"./help/previous-documentation-updates.md","Previous Documentation Updates","This page lists older important documentation changes and updates for [!DNL Adobe Experience Manager].","","","",""
